snp_count,ref,bp,snp,ref_AA,codon_number,var_AA,pos_in_codon,NS_S,ORF
1,C,280,T,V,5,V,3,S,orf1a
1,C,379,T,V,38,V,3,S,orf1a
41,T,514,C,H,83,H,3,S,orf1a
1,G,520,A,M,85,I,3,NS,orf1a
1,G,529,A,L,88,L,3,S,orf1a
1,A,548,G,I,95,V,1,NS,orf1a
1,C,622,T,R,119,R,3,S,orf1a
1,C,706,T,D,147,D,3,S,orf1a
5,C,1113,T,T,283,I,2,NS,orf1a
2,G,1212,T,C,316,F,2,NS,orf1a
4,G,1319,C,E,352,Q,1,NS,orf1a
1,G,1358,T,V,365,F,1,NS,orf1a
116,C,1380,T,A,372,V,2,NS,orf1a
63,C,1457,T,R,398,C,1,NS,orf1a
1,C,1471,T,R,402,R,3,S,orf1a
7,G,1478,A,A,405,T,1,NS,orf1a
1,T,1499,G,S,412,A,1,NS,orf1a
64,C,1594,T,S,443,S,3,S,orf1a
1,G,1599,T,G,445,V,2,NS,orf1a
1,C,1609,T,D,448,D,3,S,orf1a
1,G,1757,C,A,498,P,1,NS,orf1a
1,G,1820,T,G,519,C,1,NS,orf1a
2,C,1884,T,A,540,V,2,NS,orf1a
4,G,1954,A,Q,563,Q,3,S,orf1a
2,C,2221,T,I,652,I,3,S,orf1a
2,A,2280,C,K,672,T,2,NS,orf1a
1,C,2395,T,V,710,V,3,S,orf1a
1,C,2488,T,F,741,F,3,S,orf1a
4,A,2493,T,E,743,V,2,NS,orf1a
1,C,2570,A,P,769,T,1,NS,orf1a
2,G,2891,A,A,876,T,1,NS,orf1a
5,T,2926,C,S,887,S,3,S,orf1a
170,C,3037,T,F,924,F,3,S,orf1a
1,T,3203,C,L,980,L,1,S,orf1a
78,G,3251,T,D,996,Y,1,NS,orf1a
4,C,3315,T,T,1017,I,2,NS,orf1a
6,C,3552,T,P,1096,L,2,NS,orf1a
6,C,3602,T,H,1113,Y,1,NS,orf1a
1,A,3642,G,E,1126,G,2,NS,orf1a
1,G,3728,T,G,1155,C,1,NS,orf1a
1,T,3843,A,M,1193,K,2,NS,orf1a
1,C,3876,T,A,1204,V,2,NS,orf1a
1,G,3971,A,V,1236,I,1,NS,orf1a
2,C,4002,T,T,1246,I,2,NS,orf1a
8,G,4207,T,A,1314,A,3,S,orf1a
4,G,4255,T,P,1330,P,3,S,orf1a
1,C,4542,A,T,1426,N,2,NS,orf1a
1,C,4586,T,L,1441,L,1,S,orf1a
1,G,4657,T,R,1464,R,3,S,orf1a
16,A,4967,G,I,1568,V,1,NS,orf1a
20,T,5028,A,M,1588,K,2,NS,orf1a
4,C,5173,T,H,1636,H,3,S,orf1a
1,T,5182,C,D,1639,D,3,S,orf1a
1,C,5239,T,Y,1658,Y,3,S,orf1a
2,A,5421,G,N,1719,S,2,NS,orf1a
1,C,5497,T,C,1744,C,3,S,orf1a
1,C,5833,A,S,1856,S,3,S,orf1a
1,C,6027,T,P,1921,L,2,NS,orf1a
2,G,6134,A,V,1957,I,1,NS,orf1a
1,T,6148,C,P,1961,P,3,S,orf1a
1,C,6196,T,P,1977,P,3,S,orf1a
6,C,6267,T,A,2001,V,2,NS,orf1a
1,T,6335,G,S,2024,A,1,NS,orf1a
9,G,6352,A,K,2029,K,3,S,orf1a
1,A,6360,C,D,2032,A,2,NS,orf1a
1,C,6361,G,D,2032,E,3,NS,orf1a
1,G,6362,C,A,2033,P,1,NS,orf1a
1,C,6363,A,A,2033,E,2,NS,orf1a
1,C,6365,G,Q,2034,E,1,NS,orf1a
1,A,6366,G,Q,2034,R,2,NS,orf1a
1,G,6367,A,Q,2034,Q,3,S,orf1a
1,G,6368,A,G,2035,R,1,NS,orf1a
1,G,6369,T,G,2035,V,2,NS,orf1a
1,A,6370,G,G,2035,G,3,S,orf1a
1,A,6371,G,M,2036,V,1,NS,orf1a
1,T,6372,A,M,2036,K,2,NS,orf1a
1,G,6373,T,M,2036,I,3,NS,orf1a
1,G,6374,A,D,2037,N,1,NS,orf1a
1,A,6377,C,N,2038,H,1,NS,orf1a
1,G,6804,T,C,2180,F,2,NS,orf1a
2,G,6894,T,C,2210,F,2,NS,orf1a
3,C,7051,T,Y,2262,Y,3,S,orf1a
1,C,7093,T,V,2276,V,3,S,orf1a
8,C,7528,T,V,2421,V,3,S,orf1a
8,C,7732,T,Y,2489,Y,3,S,orf1a
2,C,7788,A,A,2508,D,2,NS,orf1a
1,G,7846,T,L,2527,L,3,S,orf1a
1,G,8056,A,T,2597,T,3,S,orf1a
1,G,8382,T,S,2706,I,2,NS,orf1a
1,G,8572,T,W,2769,C,3,NS,orf1a
1,C,8683,T,I,2806,I,3,S,orf1a
1,C,8860,T,V,2865,V,3,S,orf1a
1,G,9323,T,G,3020,C,1,NS,orf1a
1,A,9453,G,Y,3063,C,2,NS,orf1a
1,T,9774,C,V,3170,A,2,NS,orf1a
1,C,9870,T,T,3202,M,2,NS,orf1a
1,C,9967,T,L,3234,L,3,S,orf1a
2,C,10369,T,R,3368,R,3,S,orf1a
1,C,10401,T,A,3379,V,2,NS,orf1a
1,G,10439,A,A,3392,T,1,NS,orf1a
2,G,10496,A,V,3411,I,1,NS,orf1a
1,C,10560,T,T,3432,I,2,NS,orf1a
1,G,10617,A,R,3451,K,2,NS,orf1a
8,A,10829,G,I,3522,V,1,NS,orf1a
64,C,11109,T,A,3615,V,2,NS,orf1a
1,C,11344,T,I,3693,I,3,S,orf1a
1,C,11412,T,T,3716,I,2,NS,orf1a
1,T,11431,C,Y,3722,Y,3,S,orf1a
2,C,11750,T,L,3829,F,1,NS,orf1a
1,C,11758,T,P,3831,P,3,S,orf1a
1,C,11833,T,A,3856,A,3,S,orf1a
1,C,11886,T,S,3874,L,2,NS,orf1a
1,C,12043,T,D,3926,D,3,S,orf1a
1,G,12057,A,C,3931,Y,2,NS,orf1a
1,C,12325,T,D,4020,D,3,S,orf1a
1,C,12473,T,L,4070,L,1,S,orf1a
1,C,12559,T,I,4098,I,3,S,orf1a
61,G,12794,A,G,4177,R,1,NS,orf1a
92,G,12795,A,G,4177,E,2,NS,orf1a
2,C,12855,T,P,4197,L,2,NS,orf1a
1,G,12892,A,L,4209,L,3,S,orf1a
1,C,13005,T,A,4247,V,2,NS,orf1a
1,C,13035,T,A,4257,V,2,NS,orf1a
1,A,13187,G,I,4308,V,1,NS,orf1a
1,C,13381,T,V,4372,V,3,S,orf1a
1,T,13438,C,L,4391,L,3,S,orf1a
1,C,13499,T,T,11,I,2,NS,orf1b
38,C,13671,T,F,68,F,3,S,orf1b
2,C,13694,T,T,76,I,2,NS,orf1b
1,G,13836,A,R,123,R,3,S,orf1b
4,G,14028,A,M,187,I,3,NS,orf1b
1,C,14119,T,P,218,S,1,NS,orf1b
1,C,14184,T,T,239,T,3,S,orf1b
116,G,14274,A,E,269,E,3,S,orf1b
2,C,14318,T,T,284,I,2,NS,orf1b
197,C,14408,T,P,314,L,2,NS,orf1b
5,C,14898,T,G,477,G,3,S,orf1b
4,C,15237,T,H,590,H,3,S,orf1b
1,C,15324,T,N,619,N,3,S,orf1b
1,G,15543,A,T,692,T,3,S,orf1b
2,T,15621,C,L,718,L,3,S,orf1b
12,C,15656,T,T,730,I,2,NS,orf1b
1,C,15738,T,F,757,F,3,S,orf1b
6,C,15848,T,T,794,I,2,NS,orf1b
3,T,16177,G,S,904,A,1,NS,orf1b
1,A,16569,C,T,1034,T,3,S,orf1b
1,G,16741,T,V,1092,F,1,NS,orf1b
1,G,16846,T,D,1127,Y,1,NS,orf1b
1,C,17002,T,L,1179,F,1,NS,orf1b
58,A,17008,G,I,1181,V,1,NS,orf1b
4,C,17172,T,A,1235,A,3,S,orf1b
6,G,17193,A,E,1242,E,3,S,orf1b
42,C,17410,T,R,1315,C,1,NS,orf1b
1,G,17427,T,V,1320,V,3,S,orf1b
1,C,17474,T,T,1336,I,2,NS,orf1b
4,C,17573,A,A,1369,D,2,NS,orf1b
17,C,17649,T,C,1394,C,3,S,orf1b
1,C,18131,T,T,1555,I,2,NS,orf1b
1,C,18171,T,G,1568,G,3,S,orf1b
4,C,18312,T,V,1615,V,3,S,orf1b
1,T,18509,A,L,1681,H,2,NS,orf1b
6,C,18654,T,R,1729,R,3,S,orf1b
1,G,19111,A,D,1882,N,1,NS,orf1b
1,G,19599,T,W,2044,C,3,NS,orf1b
1,T,19668,A,D,2067,E,3,NS,orf1b
1,G,19816,T,V,2117,L,1,NS,orf1b
4,G,19845,A,L,2126,L,3,S,orf1b
4,G,19894,A,A,2143,T,1,NS,orf1b
1,C,20091,T,P,2208,P,3,S,orf1b
1,C,20132,T,A,2222,V,2,NS,orf1b
1,G,20580,T,V,2371,V,3,S,orf1b
1,C,20938,A,L,2491,M,1,NS,orf1b
1,C,21396,T,D,2643,D,3,S,orf1b
1,G,21578,T,V,6,F,1,NS,S
1,C,21587,T,P,9,S,1,NS,S
10,C,21859,T,N,99,N,3,S,S
1,G,22021,T,M,153,I,3,NS,S
1,C,22088,T,L,176,F,1,NS,S
1,G,22332,A,G,257,D,2,NS,S
7,G,22344,A,G,261,D,2,NS,S
56,G,22346,T,A,262,S,1,NS,S
46,C,22502,A,Q,314,K,1,NS,S
1,C,22663,G,V,367,V,3,S,S
1,C,22747,A,V,395,V,3,S,S
39,C,22916,A,L,452,M,1,NS,S
47,A,22920,T,Y,453,F,2,NS,S
96,T,23018,C,F,486,L,1,NS,S
5,A,23064,C,N,501,T,2,NS,S
4,C,23286,T,A,575,V,2,NS,S
198,A,23403,G,D,614,G,2,NS,S
1,C,23422,T,V,620,V,3,S,S
1,G,23611,T,R,683,R,3,S,S
1,C,23683,T,Y,707,Y,3,S,S
1,T,23822,C,L,754,L,1,S,S
1,G,24057,A,G,832,D,2,NS,S
2,G,24087,A,G,842,D,2,NS,S
1,G,24386,T,A,942,S,1,NS,S
1,C,24642,T,T,1027,I,2,NS,S
116,A,24862,G,T,1100,T,3,S,S
1,G,24998,C,D,1146,H,1,NS,S
1,G,25033,T,K,1157,N,3,NS,S
1,C,25075,T,G,1171,G,3,S,S
3,A,25255,T,T,1231,T,3,S,S
1,A,25351,T,P,1263,P,3,S,S
1,A,25425,C,G,11,G,3,S,orf3a
1,C,25487,T,T,32,I,2,NS,orf3a
2,A,25492,G,T,34,A,1,NS,orf3a
2,C,25513,T,L,41,F,1,NS,orf3a
6,T,25518,C,P,42,P,3,S,orf3a
1,G,25555,A,V,55,I,1,NS,orf3a
63,G,25563,T,Q,57,H,3,NS,orf3a
1,G,25647,A,L,85,L,3,S,orf3a
1,C,25658,T,T,89,I,2,NS,orf3a
1,C,25904,T,S,171,L,2,NS,orf3a
94,C,25936,T,H,182,Y,1,NS,orf3a
5,A,25937,T,H,182,L,2,NS,orf3a
1,T,26012,C,F,207,S,2,NS,orf3a
80,C,26013,T,F,207,F,3,S,orf3a
62,T,26047,G,L,219,V,1,NS,orf3a
4,G,26062,T,G,224,C,1,NS,orf3a
26,T,26076,C,V,228,V,3,S,orf3a
28,C,26078,T,T,229,I,2,NS,orf3a
4,A,26530,G,D,3,G,2,NS,M
2,C,26586,T,L,22,L,1,S,M
5,C,26645,T,N,41,N,3,S,M
1,G,26730,T,V,70,F,1,NS,M
6,C,26735,T,Y,71,Y,3,S,M
1,G,26784,A,V,88,I,1,NS,M
2,C,26895,T,H,125,Y,1,NS,M
1,G,26918,A,P,132,P,3,S,M
47,G,27047,A,T,175,T,3,S,M
38,G,27261,T,R,20,S,3,NS,orf6
26,A,27269,G,K,23,R,2,NS,orf6
26,A,27270,T,K,23,N,3,NS,orf6
1,A,27338,G,E,46,G,2,NS,orf6
1,G,27506,A,G,38,E,2,NS,orf7a
1,C,27527,T,P,45,L,2,NS,orf7a
47,C,27612,T,H,73,H,3,S,orf7a
1,G,27857,T,L,34,L,3,S,orf7b
1,G,28077,T,V,62,L,1,NS,orf8
2,G,28233,A,V,114,I,1,NS,orf8
1,G,28237,A,R,115,H,2,NS,orf8
1,A,28284,C,N,4,T,2,NS,N
1,C,28354,A,N,27,K,3,NS,N
4,G,28395,T,R,41,L,2,NS,N
1,T,28450,C,H,59,H,3,S,N
1,C,28453,T,G,60,G,3,S,N
5,C,28471,T,F,66,F,3,S,N
4,C,28512,T,P,80,L,2,NS,N
39,C,28535,A,R,88,R,1,S,N
1,G,28655,T,D,128,Y,1,NS,N
1,C,28826,T,R,185,C,1,NS,N
1,C,28854,T,S,194,L,2,NS,N
4,C,28869,A,P,199,Q,2,NS,N
12,G,28881,A,R,203,K,2,NS,N
12,G,28882,A,R,203,R,3,S,N
12,G,28883,C,G,204,R,1,NS,N
1,G,28903,T,M,210,I,3,NS,N
1,G,28936,T,L,221,F,3,NS,N
1,C,29250,T,P,326,L,2,NS,N
1,C,29253,T,S,327,L,2,NS,N
1,G,29294,T,D,341,Y,1,NS,N
1,A,29350,T,A,359,A,3,S,N
1,C,29409,T,T,379,I,2,NS,N
27,A,29500,G,Q,409,Q,3,S,N
1,C,29503,T,S,410,S,3,S,N
